{"cameraMode":{"drawMode":0,"name":"Shaded","section":"Shading Mode"},"sceneLighting":true,"audioPlay":false,"sceneViewState":{"showFog":true,"showMaterialUpdate":false,"showSkybox":true,"showFlares":true,"showImageEffects":true,"showParticleSystems":true},"in2DMode":false,"pivot":{"x":13.774839401245118,"y":1.5011001825332642,"z":159.26539611816407},"rotation":{"x":-0.050324633717536929,"y":0.4679190218448639,"z":-0.026700226590037347,"w":-0.8819332718849182},"size":261.992919921875,"orthographic":true}